id,STUDENTID,COURSEID,GRADE,TERM,AN201,AS171,AS177,AS178,AT207,AT316,AT326,AT336,AT346,AT366,BA291,CF366,CF367,CJ315,CJ316,CJ317,CJ321,CN342,CS101,CS102,CS105,CS111,CS115,CS211,CS213,CS214,CS215,CS222,CS223,CS231,CS251,CS261,CS275,CS281,CS284,CS285,CS286,CS288,CS289,CS295,CS296,CS297,CS300,CS301,CS302,CS311,CS314,CS326,CS328,CS341,CS342,CS348,CS356,CS359,CS365,CS366,CS367,CS374,CS377,CS385,CS386,CS387,CS388,CS395,CS396,CS397,CS398,CS399,CS401,CS402,CS407,CS408,CS409,CS426,CS427,CS429,CS446,CS447,CS449,CS456,CS457,CS459,CS467,CS469,CS479,CS486,CS487,CS488,CS489,CS496,CS499,DM201,DM207,DM215,EC210,EG241,EL070,EL171,EL172,EL202,EL231,EL295,EL395,ES256,ES356,ES456,FD211,FN211,GE225,GE311,HO201,HR201,HS266,HS269,HS356,HS360,IS201,JC200,JC201,JC260,JC281,JP171,JP172,LA209,MA211,MA212,MA216,MA217,MA221,MA332,MU100,MU130,MU135,MU202,MU275,MU277,MU278,MW313,MW314,MW318,NS112,NS132,PC286,PE240,PE245,PM215,PM235,PM236,PY211,PY217,PY218,PY226,PY228,PY237,PY267,RE333,RT326,SC123,SC135,SC173,SC185,SN212,SO201,ST216,ST218,SW111,SW212,SW213,SW214,SW221,SW222,SW223,SW224,SW335,SW365,SW366,SW467,SW475,SW478,SW486,SW489,TA395,TD436,TH161,TU100,TU110,TU111,TU115,TU116,TU120,TU122,TU130,TU153,TU154,TU156
11533,352739,CS426,7,25552,0,0,0,0,0,0,0,0,0,0,0,0,0,0,0,0,0,0,6,6,0,7,0,0,6,7,0,6,6,0,7,6,0,6,5,0,0,0,0,0,0,0,0,0,0,0,6,0,0,7,0,0,0,0,6,0,0,0,0,0,0,0,0,5,0,0,0,0,0,0,0,0,6,0,0,0,0,0,0,0,0,0,0,0,0,0,0,0,0,0,0,0,0,0,0,0,0,6,5,0,0,6,6,0,0,0,0,0,0,0,7,0,0,0,0,0,0,0,0,0,0,0,0,0,7,6,0,0,0,5,0,0,0,0,0,0,0,0,0,0,0,0,0,0,0,0,0,0,0,0,0,0,6,0,0,0,0,0,6,0,6,0,0,6,0,7,7,0,0,0,0,0,0,0,0,0,0,7,0,0,0,0,0,5,0,5,0,0,0,7,0,6,0,5,0
11902,354660,CS426,6,25552,0,0,0,0,0,0,0,0,0,0,0,0,0,0,0,0,0,0,6,7,0,8,0,0,6,6,0,6,6,0,7,6,0,6,7,0,0,0,0,0,0,0,0,0,3,0,3,0,0,7,0,0,0,0,7,0,0,0,0,0,0,0,0,4,0,0,0,0,0,0,0,0,0,0,0,0,0,0,0,0,0,0,0,0,0,0,0,0,0,0,0,0,0,0,0,0,0,7,7,0,0,7,7,0,0,0,0,0,0,0,7,0,0,0,0,0,0,0,0,0,0,0,0,0,6,5,0,0,0,7,0,0,0,0,0,0,0,0,0,0,0,0,0,0,0,0,0,0,0,0,0,0,6,0,0,0,0,0,6,0,6,0,0,5,0,0,0,0,0,0,0,0,0,0,0,0,0,0,0,0,0,0,0,7,0,6,0,0,0,8,0,6,0,5,0
19120,383165,CS426,7,25562,0,0,0,0,0,0,0,0,0,0,0,0,0,0,0,0,0,0,7,8,0,6,0,0,8,7,0,5,6,0,6,6,0,5,6,0,0,0,0,0,0,0,0,0,6,0,5,0,0,6,0,0,0,0,7,0,0,0,0,0,0,0,0,5,0,0,0,0,0,0,0,0,0,0,0,0,0,0,0,0,0,0,0,0,0,0,0,0,0,0,0,0,0,0,0,0,0,5,7,0,0,5,6,0,0,0,0,0,0,0,7,0,0,0,0,0,0,0,0,0,0,0,0,0,8,8,0,0,0,6,0,0,0,0,0,0,0,0,0,0,0,0,0,0,0,0,0,0,0,0,0,0,8,0,0,0,0,0,3,0,7,0,0,5,0,0,0,0,0,0,0,0,0,0,0,0,0,0,0,0,0,0,0,7,0,6,0,0,0,7,0,5,0,6,0
7539,351660,CS426,8,25552,0,0,0,0,0,0,0,0,0,0,8,0,0,0,0,0,0,0,8,8,0,8,0,0,8,8,0,8,8,0,8,7,0,7,8,0,0,0,0,0,0,0,0,0,0,0,8,0,0,8,0,0,0,0,8,0,0,0,0,0,0,0,0,8,0,0,0,0,0,0,0,0,0,0,0,0,0,0,0,0,0,0,0,0,0,0,0,0,0,0,0,0,0,0,0,0,0,7,7,0,0,7,8,0,0,0,0,0,0,0,0,0,0,0,0,0,0,0,0,0,0,0,0,0,6,8,0,0,0,8,0,0,0,0,0,0,0,0,0,0,0,0,0,0,0,0,0,0,0,0,0,0,6,0,0,0,0,0,8,0,8,0,0,8,0,0,0,0,0,0,0,0,0,0,0,0,0,0,0,0,0,0,0,7,0,7,0,0,0,7,0,7,0,8,0
12645,361060,CS426,8,25552,0,0,0,0,0,0,0,0,0,0,7,0,0,0,0,0,0,0,8,8,0,8,0,0,7,8,0,8,7,0,7,7,0,7,8,0,0,0,0,0,0,0,0,0,0,0,8,0,0,8,0,0,0,0,8,0,0,0,8,0,0,0,0,7,0,0,0,0,0,0,0,0,6,0,0,0,0,0,0,0,0,0,0,0,0,0,0,0,0,0,0,0,0,0,0,0,2,8,8,0,0,8,8,0,0,0,0,0,0,0,8,0,0,0,0,0,0,0,0,0,0,0,0,0,6,6,0,0,0,7,0,0,0,0,0,0,0,0,0,0,0,0,0,0,0,0,0,0,0,0,0,0,7,0,0,0,0,0,8,0,7,0,0,8,0,0,0,0,0,0,0,0,0,0,0,0,0,0,0,0,0,0,0,8,0,7,0,0,0,8,0,8,0,7,0
11104,352726,CS426,7,25552,0,0,0,0,0,0,0,0,0,0,0,0,0,0,0,0,0,0,5,6,0,6,0,0,6,8,0,6,6,0,6,7,0,6,6,0,0,0,0,3,7,0,0,0,0,0,3,0,0,6,0,0,0,0,6,0,0,0,0,0,0,0,0,5,0,0,0,0,0,0,0,0,0,0,0,0,0,0,0,0,0,0,0,0,0,0,0,0,0,0,0,0,0,0,0,0,0,6,7,0,0,6,6,0,0,0,0,0,0,0,7,0,0,0,0,0,0,0,0,0,0,0,0,0,6,5,0,0,0,5,0,0,0,0,0,0,0,0,0,0,0,0,0,0,0,0,0,0,0,0,0,0,6,0,0,0,0,0,6,0,6,0,0,5,0,0,7,0,0,0,0,0,0,0,0,0,0,0,0,0,0,0,0,7,0,6,0,0,0,7,0,6,0,5,0
2417,329215,CS426,7,25552,0,0,0,0,0,0,7,0,0,0,0,0,0,0,0,0,0,0,6,7,0,7,0,0,8,7,0,8,7,0,8,7,0,6,7,0,0,0,0,0,8,0,0,7,7,7,7,7,0,8,7,0,0,7,8,0,0,6,7,0,0,0,0,7,0,0,0,0,8,0,0,0,0,0,7,0,7,0,8,0,7,0,0,0,0,0,0,0,0,0,0,0,0,0,0,0,0,6,6,0,0,7,7,0,0,0,0,0,0,0,0,0,0,0,0,0,0,0,0,0,0,0,0,0,5,6,0,0,0,5,0,0,0,0,0,0,0,0,0,0,0,0,0,0,0,0,0,0,0,0,0,0,6,0,0,0,0,0,5,0,6,0,0,6,0,0,0,0,0,0,0,0,0,0,0,0,0,0,0,0,0,0,0,6,0,6,0,0,0,5,0,6,0,7,0
8934,351690,CS426,8,25552,0,0,0,0,0,0,7,0,0,0,0,0,0,0,0,0,0,0,6,7,0,8,0,0,7,8,0,7,7,0,7,7,0,6,6,0,0,0,0,0,0,0,0,0,0,0,7,0,0,7,0,0,0,0,7,0,0,0,0,0,0,0,0,7,0,0,0,0,0,0,0,0,5,0,0,0,0,0,0,0,0,0,0,0,0,0,0,0,7,0,0,0,0,0,0,0,0,0,6,0,0,7,8,0,0,0,0,0,0,0,0,0,0,0,0,0,0,0,0,0,0,0,0,0,8,6,0,0,0,6,0,0,0,0,0,0,0,0,0,0,0,0,0,0,0,0,0,0,0,0,0,0,6,0,0,0,0,0,6,0,7,0,0,7,0,0,0,0,0,0,0,0,0,0,0,0,0,0,0,0,0,0,0,6,0,7,0,0,0,7,0,7,0,8,0
321,324840,CS426,7,25562,0,0,0,0,0,7,8,0,0,8,0,0,0,0,0,0,0,0,6,6,0,6,0,0,6,7,0,6,7,0,5,6,0,6,7,0,0,0,0,0,0,0,0,8,7,5,5,3,0,5,6,0,6,0,7,7,7,7,0,0,0,0,0,8,0,0,0,0,8,0,0,0,0,0,0,0,0,0,0,0,0,0,7,0,0,0,0,0,0,0,0,0,0,0,0,0,0,5,5,0,0,7,6,0,0,0,0,0,0,0,6,0,0,0,0,0,0,0,0,0,0,0,0,0,6,5,0,0,0,7,0,0,0,0,0,0,0,7,0,0,0,0,0,0,0,0,0,0,0,0,0,0,5,0,0,0,0,0,5,0,7,0,0,6,0,0,0,0,0,0,0,0,0,0,0,0,0,0,0,0,0,0,0,5,0,8,0,0,0,6,0,6,0,5,0
7170,344245,CS426,7,25552,0,0,0,0,0,0,0,0,0,0,0,0,0,0,0,0,0,0,7,7,0,8,0,0,7,8,0,8,7,0,7,7,0,7,7,0,0,0,0,6,7,7,0,0,0,0,0,0,0,6,0,0,0,0,0,0,0,0,0,0,0,0,0,6,7,0,0,0,0,0,0,0,6,0,0,0,0,0,0,0,0,0,0,0,0,0,0,0,0,0,0,0,0,0,0,0,0,7,7,0,0,7,6,0,0,0,0,0,0,0,0,0,0,0,0,0,0,0,0,0,0,0,0,0,6,7,0,0,3,6,0,0,0,0,0,0,0,0,0,0,0,0,0,0,0,0,0,0,0,0,0,0,6,0,0,0,0,0,6,0,6,0,0,6,0,0,0,0,0,0,0,0,0,0,0,0,0,0,0,0,0,0,0,5,0,6,0,0,0,7,7,5,0,6,0
7218,344708,CS426,7,25552,0,0,0,0,0,0,0,0,0,0,7,0,0,0,0,0,0,0,6,7,0,7,0,0,6,8,0,7,7,0,7,7,0,6,8,0,0,0,0,0,0,0,0,0,0,0,6,0,0,7,0,0,0,0,7,0,0,0,0,0,0,0,0,6,0,0,0,0,0,0,0,0,0,0,0,0,0,0,0,0,0,0,0,0,0,0,0,0,0,0,0,0,0,0,0,0,0,0,5,0,0,7,8,0,0,0,0,0,0,0,0,0,0,0,0,0,7,0,0,0,0,0,0,0,6,7,0,0,0,5,0,0,0,0,0,0,0,0,0,0,0,0,0,0,0,0,0,0,0,0,0,0,6,0,0,0,0,0,6,0,6,0,0,6,0,0,0,0,0,0,0,0,0,0,0,0,0,0,0,0,0,0,0,7,0,7,0,0,0,6,0,6,0,5,0
11426,352733,CS426,6,25552,0,0,0,0,0,0,0,0,0,0,0,0,0,0,0,0,0,0,7,6,0,7,0,0,6,8,0,6,6,0,6,6,0,6,6,0,0,0,0,3,6,0,0,0,0,0,5,0,0,6,0,0,0,0,7,0,0,0,0,0,0,0,0,5,0,0,0,0,0,0,0,0,0,0,0,0,0,0,0,0,0,0,0,0,0,0,0,0,0,0,0,0,0,0,0,0,2,7,6,0,0,6,6,0,0,0,0,0,0,0,8,0,0,0,0,0,0,0,0,0,0,0,0,0,8,6,0,0,0,6,0,0,0,0,0,0,0,0,0,0,0,0,0,0,0,0,0,0,0,0,0,0,6,0,0,0,0,0,6,0,7,0,0,5,0,0,8,0,0,0,0,0,0,0,0,0,0,0,0,0,0,0,0,6,0,5,0,0,0,8,0,6,0,5,0
11853,354659,CS426,7,25552,0,0,0,0,0,0,0,0,0,0,0,0,0,0,0,0,0,0,8,8,0,7,0,0,7,7,0,7,7,0,7,7,0,6,8,0,0,0,0,3,3,0,0,0,3,0,7,0,0,7,0,0,0,0,7,0,0,0,0,0,0,0,0,6,0,0,0,0,0,0,0,0,0,0,0,0,0,0,0,0,0,0,0,0,0,0,0,0,0,0,0,0,0,0,0,0,0,8,8,0,0,8,7,0,0,0,0,0,0,0,7,0,0,0,0,0,0,0,0,0,0,0,0,0,7,7,0,0,0,8,0,0,0,0,0,0,0,0,0,0,0,0,0,0,0,0,0,0,0,0,0,0,6,0,0,0,0,0,8,0,8,0,0,8,0,0,0,0,0,0,0,0,0,0,0,0,0,0,0,0,0,0,0,7,0,6,0,0,0,7,0,7,0,8,0
18709,383155,CS426,7,25562,0,0,0,0,0,0,0,0,0,0,0,0,0,0,0,0,0,0,6,6,0,6,0,0,7,7,0,5,6,0,6,6,0,6,5,0,0,0,0,0,0,0,0,7,0,0,6,0,0,5,0,0,0,0,6,0,0,0,0,0,0,0,0,5,0,0,0,0,0,0,0,0,0,0,0,0,0,0,0,0,0,0,0,0,0,0,0,0,0,0,0,0,0,0,0,0,2,6,5,0,0,6,5,0,0,0,0,0,0,0,7,0,0,0,0,0,0,0,0,0,0,0,0,0,5,8,0,0,0,6,0,0,0,0,0,0,0,0,6,0,0,0,0,0,0,0,0,0,0,0,0,0,7,0,0,0,0,0,5,0,6,0,0,8,0,0,0,0,0,0,0,0,0,0,0,0,0,0,6,0,0,0,0,7,0,5,0,0,0,7,0,6,0,5,0
19391,383172,CS426,7,25562,0,0,0,0,0,0,0,0,0,0,0,0,0,0,0,0,0,0,6,6,0,6,0,0,6,8,0,7,6,0,5,6,0,6,6,0,0,0,0,0,0,0,0,7,6,0,3,0,0,6,0,0,0,0,5,0,0,0,0,0,0,0,0,5,0,0,0,0,0,0,0,0,0,0,0,0,0,0,0,0,0,0,0,0,0,0,0,0,0,0,0,0,0,0,0,0,0,6,7,0,0,7,8,0,0,0,0,0,0,0,7,0,0,0,0,0,0,0,0,0,0,0,0,0,5,0,0,0,0,5,0,0,0,0,0,0,0,0,0,0,0,0,0,0,0,0,0,0,0,0,0,0,7,0,0,0,0,0,5,0,6,0,0,6,0,0,0,0,0,0,0,0,0,0,0,0,0,0,0,0,0,0,0,6,0,6,0,0,0,7,0,5,0,4,0
7445,345353,CS426,7,25552,0,0,0,0,0,7,7,0,0,0,0,0,0,0,0,0,0,0,7,8,0,8,0,0,7,6,0,7,8,0,7,6,0,6,7,0,0,0,0,0,0,0,0,0,0,0,8,0,0,6,0,0,0,0,7,0,0,0,0,0,0,0,0,6,0,0,0,0,0,0,0,0,6,0,0,0,0,0,0,0,0,0,0,0,0,0,0,0,0,0,0,0,0,0,0,0,2,5,5,0,0,5,4,0,0,0,0,0,0,0,5,0,0,0,0,0,0,0,0,0,0,0,0,0,5,7,0,0,0,7,0,0,0,0,0,0,0,0,0,0,0,0,0,0,0,0,0,0,0,0,0,0,5,0,0,0,0,0,6,0,6,0,0,6,0,0,0,0,0,0,0,0,0,0,0,0,0,0,0,0,0,0,0,7,0,6,0,0,0,5,0,5,0,7,0
6979,344129,CS426,8,25552,0,0,0,0,0,7,7,0,0,0,0,0,0,0,0,0,0,0,8,8,0,8,0,0,7,7,0,8,8,0,7,7,0,6,7,0,0,0,0,0,0,0,0,0,0,0,8,0,0,7,0,0,0,0,7,0,0,0,0,0,0,0,0,6,0,0,0,0,0,0,0,0,0,0,0,0,0,0,0,0,0,0,0,0,0,0,0,0,0,0,0,0,0,0,0,0,0,0,7,0,0,8,8,0,0,0,0,0,0,0,6,0,0,0,0,0,0,0,0,0,0,0,0,0,6,8,0,0,0,7,0,0,0,0,0,0,0,0,0,0,0,0,0,0,0,0,0,0,0,0,0,0,6,0,0,0,0,0,7,0,8,0,0,6,0,0,0,0,0,0,0,0,0,0,0,0,0,0,0,0,0,0,0,7,0,7,0,0,0,7,0,6,0,7,0
1474,329193,CS426,6,25552,0,0,0,0,0,0,0,0,0,0,6,0,0,0,0,0,0,0,7,7,0,6,0,0,6,6,0,7,6,0,7,7,0,6,7,0,0,6,6,0,0,0,0,7,7,7,5,7,0,6,7,0,0,0,0,0,0,5,0,6,3,0,7,0,0,0,0,0,8,0,0,0,0,0,0,0,0,0,0,0,0,0,0,0,0,6,7,7,6,0,0,0,0,0,0,0,0,7,7,0,0,8,7,0,0,0,0,0,0,0,0,0,0,0,0,0,0,0,0,0,0,0,0,0,5,5,0,0,0,5,0,0,0,0,0,0,0,0,0,0,0,0,0,0,0,0,0,0,0,0,0,0,7,0,0,0,0,0,6,0,6,0,0,5,0,0,0,0,0,0,0,0,0,0,0,0,0,0,0,0,0,0,0,6,0,5,0,0,0,5,0,6,0,7,0
13934,368309,CS426,8,25562,0,0,0,0,0,8,8,0,0,0,0,0,0,0,0,0,0,0,8,8,0,8,0,0,8,8,0,8,8,0,8,8,0,8,7,0,0,0,0,0,0,0,0,7,0,0,8,0,0,8,0,0,0,0,8,0,0,0,0,0,0,0,0,8,0,0,0,0,0,0,0,0,8,0,8,0,0,0,0,0,0,0,0,0,0,0,0,0,0,0,0,0,0,0,0,0,0,0,6,0,0,8,8,0,0,0,0,0,0,0,0,0,0,0,0,0,0,0,0,0,0,0,0,0,8,8,0,0,0,8,0,0,0,0,0,0,0,0,0,0,0,0,0,0,0,0,0,0,0,0,0,0,6,0,0,0,0,0,8,0,7,0,0,8,0,0,0,0,0,0,0,0,0,0,0,0,0,0,0,0,0,0,0,7,0,7,0,0,0,7,6,7,0,8,0
9844,351712,CS426,7,25552,0,0,0,0,0,0,7,0,0,0,0,0,0,0,0,0,0,0,6,7,0,6,0,0,7,7,0,6,7,0,7,8,0,6,7,0,0,0,0,0,0,0,0,0,0,0,8,0,0,7,0,0,0,0,8,0,0,0,0,0,0,0,0,6,0,0,0,0,0,0,0,0,7,0,0,0,0,0,0,0,0,0,0,0,0,0,0,0,0,0,0,0,0,0,0,0,0,0,7,0,0,6,8,0,0,0,0,0,0,0,0,0,0,0,0,0,0,0,0,0,0,0,0,0,5,3,0,0,0,5,0,0,0,0,0,0,0,0,0,0,0,7,0,0,0,0,0,0,0,0,0,0,6,0,0,0,0,0,6,0,6,0,0,6,0,0,0,0,0,0,0,0,0,0,0,0,0,0,0,0,0,0,0,6,0,7,0,0,0,7,0,6,0,5,0
18894,383159,CS426,8,25562,0,0,0,0,0,0,0,0,0,0,0,0,0,0,0,0,0,0,7,7,0,6,0,0,7,6,0,6,6,0,6,5,0,6,5,0,0,0,0,0,0,0,0,7,6,0,3,0,0,6,0,0,0,0,6,0,0,0,0,0,0,0,0,5,0,0,0,0,0,0,0,0,0,0,0,0,0,0,0,0,0,0,0,0,0,0,0,0,0,0,0,0,0,0,0,0,0,0,7,0,0,6,7,0,0,0,0,0,0,0,7,0,0,0,0,0,0,0,0,0,0,0,0,0,6,0,0,0,0,3,0,0,0,0,0,0,0,0,7,0,0,0,0,0,0,0,0,0,0,0,0,0,7,0,0,0,0,0,5,0,6,0,0,5,0,0,0,0,0,0,0,0,0,0,7,0,0,0,7,0,0,0,0,7,0,5,0,0,0,7,0,5,0,5,0
13518,361086,CS426,6,25552,0,0,0,0,0,0,0,0,0,0,0,0,0,0,0,0,0,0,7,8,0,8,0,0,8,7,0,7,6,0,6,6,0,6,7,0,0,0,0,0,0,0,0,0,3,0,7,0,0,6,0,0,0,0,5,0,0,0,0,0,0,0,0,6,0,0,0,0,0,0,0,0,0,0,0,0,0,0,0,0,0,0,0,0,0,0,0,0,0,0,0,0,0,0,0,0,0,5,6,0,0,6,5,0,0,0,0,0,0,0,7,0,0,0,0,0,0,0,0,0,0,0,0,0,8,8,0,0,0,7,0,0,0,0,0,0,0,0,0,0,0,0,0,0,0,0,0,0,0,0,0,0,6,0,0,0,0,0,7,0,8,0,0,6,0,0,0,0,0,0,0,0,0,0,0,0,0,0,0,0,0,0,0,7,0,6,0,0,0,7,0,6,0,8,0
8052,351670,CS426,5,25562,0,0,0,0,0,0,0,0,0,0,0,0,0,0,0,0,0,0,6,8,0,8,0,0,8,7,0,7,7,0,7,6,0,6,7,0,0,0,0,0,0,0,0,5,7,6,6,4,0,6,6,0,0,0,5,0,7,5,7,0,0,0,0,5,0,0,0,0,8,0,0,0,7,0,4,0,0,0,0,0,0,0,5,0,0,0,0,0,0,0,0,0,0,0,0,0,2,7,6,0,0,7,5,0,0,0,0,0,0,0,0,0,0,0,0,0,0,0,0,0,0,0,0,0,6,6,0,0,0,6,0,0,0,0,0,0,0,0,0,0,0,0,0,0,0,0,0,0,0,0,0,0,5,0,0,0,0,0,6,0,6,0,0,6,0,0,0,0,0,0,0,0,0,0,0,0,0,0,0,0,0,0,0,6,0,6,0,0,0,6,0,6,0,7,0
18586,383152,CS426,8,25562,0,0,0,0,0,0,0,0,0,0,0,0,0,0,0,0,0,0,6,6,0,6,0,0,5,7,0,6,6,0,5,6,0,6,5,0,0,0,0,0,0,0,0,7,0,0,3,0,0,5,0,0,0,0,6,0,0,0,0,0,0,0,0,5,0,0,0,0,0,0,0,0,0,0,0,0,0,0,0,0,0,0,0,0,0,0,0,0,0,0,0,0,0,0,0,0,0,6,6,0,0,6,6,0,0,0,0,0,0,0,7,0,0,0,0,0,0,0,0,0,0,0,0,0,5,7,0,0,0,5,0,0,0,0,0,0,0,0,0,0,0,0,0,0,0,0,0,0,0,0,0,0,7,0,0,0,0,0,4,0,6,0,0,0,0,0,0,7,0,0,0,0,0,0,0,0,0,0,8,0,0,0,0,6,0,5,0,0,0,7,0,6,0,5,0
14028,368912,CS426,8,25562,0,0,0,0,0,7,0,0,0,0,0,0,0,0,0,0,0,0,8,8,0,8,0,0,8,8,0,8,8,0,8,7,0,6,6,0,0,0,0,0,0,0,0,8,0,0,7,0,0,7,0,0,0,0,7,0,0,0,0,0,0,0,0,7,0,0,0,0,0,0,0,0,0,0,0,0,0,0,0,0,0,0,0,0,0,0,0,0,0,0,0,0,0,0,0,0,0,6,7,0,0,7,8,0,0,0,0,0,0,0,0,0,0,0,0,0,0,0,0,0,0,0,0,0,6,6,0,0,0,6,0,0,0,0,0,0,0,0,0,0,0,0,0,0,0,0,0,0,0,0,0,0,6,0,0,0,0,0,5,0,6,0,0,5,0,0,0,0,0,0,0,0,0,0,0,0,0,0,0,0,0,0,0,7,7,5,0,0,0,0,0,6,0,6,0
8756,351685,CS426,8,25552,0,0,0,0,0,0,7,0,0,0,0,0,0,0,0,0,0,0,6,6,0,6,0,0,7,8,0,7,6,0,7,6,0,6,6,0,0,0,0,0,0,0,0,0,0,0,6,0,0,6,0,0,0,0,7,0,0,0,0,0,0,0,0,6,0,0,0,0,0,0,0,0,8,0,0,0,0,0,0,0,0,0,0,0,0,0,0,0,0,0,0,0,0,0,0,0,0,5,5,0,0,6,6,0,0,0,0,0,0,0,0,0,0,0,0,0,0,0,0,0,0,0,0,0,5,6,0,0,0,6,0,0,0,0,0,0,0,0,0,0,0,7,0,0,0,0,0,0,0,0,0,0,6,0,0,0,0,0,6,0,7,0,0,6,0,0,0,0,0,0,0,0,0,0,0,0,0,0,0,0,0,0,0,7,0,6,0,0,0,7,0,6,0,6,0
16593,379812,CS426,8,25562,0,0,0,0,0,0,0,0,0,0,0,0,0,0,0,0,0,0,7,7,0,8,0,0,8,8,0,8,7,0,8,8,0,7,6,0,0,0,0,0,0,0,0,8,0,0,7,0,0,8,0,0,0,0,7,0,0,0,0,0,0,0,0,7,0,0,0,0,0,0,0,0,8,0,8,0,0,0,0,0,0,0,0,0,0,0,0,0,0,0,0,0,0,0,0,0,2,7,6,0,0,7,7,0,0,0,0,0,0,0,0,0,0,0,0,0,0,0,0,0,0,0,0,0,7,8,0,0,0,7,0,0,0,0,0,0,0,0,0,0,0,0,0,0,0,0,0,0,0,0,0,0,7,0,0,0,0,0,6,0,7,0,0,8,0,0,0,0,0,0,0,0,0,0,0,0,0,0,0,0,0,0,0,7,7,6,0,0,0,0,6,7,0,8,0
11376,352732,CS426,8,25552,0,0,0,0,0,0,0,0,0,0,0,0,0,0,0,0,0,0,6,8,0,7,0,0,7,7,0,7,7,0,7,7,0,7,6,0,0,0,0,0,0,0,0,0,0,0,8,0,0,8,0,0,0,0,7,0,0,0,0,0,0,0,0,7,0,0,0,0,0,0,0,0,7,0,0,0,0,0,0,0,0,0,0,0,0,0,0,0,0,0,0,0,0,0,0,0,0,5,6,0,0,6,6,0,0,0,0,0,0,0,7,0,0,0,0,0,0,0,0,0,0,0,0,0,8,8,0,0,0,7,0,0,0,0,0,0,0,0,0,0,0,0,0,0,0,0,0,0,0,0,0,0,6,0,0,0,0,0,6,0,6,0,0,7,0,7,7,0,0,0,0,0,0,0,0,0,0,8,0,0,0,0,0,6,0,5,0,0,0,7,0,6,0,5,0
1626,329196,CS426,6,25552,0,0,0,0,0,0,0,0,0,0,0,0,0,0,0,0,0,0,8,6,0,7,0,0,6,7,0,6,6,0,6,6,0,6,7,8,0,8,7,0,0,0,0,7,6,6,5,0,0,6,7,0,0,0,7,0,0,6,0,7,0,6,6,0,0,0,0,0,8,0,0,0,0,0,0,0,0,0,0,0,0,0,0,0,0,0,7,0,6,0,0,0,0,0,0,0,0,6,6,0,0,8,6,0,0,0,0,0,0,0,0,0,0,0,0,0,0,0,0,0,0,0,0,0,5,5,0,0,0,5,0,0,0,0,0,0,0,0,0,0,0,0,0,0,0,0,0,0,0,0,0,0,7,0,7,0,0,0,6,0,6,0,0,5,0,0,0,0,0,0,0,0,0,0,0,0,0,0,0,0,0,0,0,5,0,5,0,0,0,5,5,5,0,6,0
7587,351661,CS426,8,25552,0,0,0,0,0,0,8,0,0,0,0,0,0,0,0,0,0,0,7,8,0,8,0,0,8,7,0,8,8,0,8,7,0,6,6,0,0,0,0,0,0,0,0,0,0,0,8,0,0,7,0,0,0,0,7,0,0,0,0,0,0,0,0,7,0,0,0,0,0,0,0,0,8,0,0,0,0,0,0,0,0,0,0,0,0,0,0,0,0,0,0,0,0,0,0,0,0,5,5,0,0,5,6,0,0,0,0,0,0,0,0,0,0,0,0,0,0,0,0,0,0,0,0,0,5,3,0,0,0,6,0,0,0,0,0,0,0,0,0,0,0,7,0,0,0,0,0,0,0,0,0,0,6,0,0,0,0,0,6,0,6,0,0,8,0,0,0,0,0,0,0,0,0,0,0,0,0,0,0,0,0,0,0,7,0,7,0,0,0,7,0,6,0,7,0
